Num,Industry,Business Name,Location,Rating,Repo,Live URL,WhatsApp Pitch,Email Subject
1,Solar,"Glen Ellios Pty LTD",Goodwood,5,glen-ellios-solar-ct,https://iederees-create.github.io/glen-ellios-solar-ct/,"https://wa.me/27691039281?text=Hi%20Glen%20Ellios%20Pty%20LTD%2C%20I%20am%20a%20local%20Cape%20Town%20web%20developer.%20I%20noticed%20you%20do%20not%20have%20a%20website%20yet.%20I%20have%20already%20built%20a%20premium%20one%20for%20you.%20Take%20a%20look%20at%20the%20demo%20link%20-%20I%20also%20stay%20on%20as%20your%20dedicated%20web%20manager%2C%20included%20in%20the%20cost.%20Interested%3F","I Built a Premium Website for Glen Ellios Pty LTD"
2,Solar,"Sunlec Energy Solutions",Parow,4.9,sunlec-energy-solutions-ct,https://iederees-create.github.io/sunlec-energy-solutions-ct/,"https://wa.me/27678799789?text=Hi%20Sunlec%20Energy%20Solutions%2C%20I%20am%20a%20local%20Cape%20Town%20web%20developer.%20I%20noticed%20you%20do%20not%20have%20a%20website%20yet.%20I%20have%20already%20built%20a%20premium%20one%20for%20you.%20Take%20a%20look%20at%20the%20demo%20link%20-%20I%20also%20stay%20on%20as%20your%20dedicated%20web%20manager%2C%20included%20in%20the%20cost.%20Interested%3F","I Built a Premium Website for Sunlec Energy Solutions"
3,Solar,"Eco Direct Solar",Mitchells Plain,5,eco-direct-solar-ct,https://iederees-create.github.io/eco-direct-solar-ct/,"https://wa.me/27812136586?text=Hi%20Eco%20Direct%20Solar%2C%20I%20am%20a%20local%20Cape%20Town%20web%20developer.%20I%20noticed%20you%20do%20not%20have%20a%20website%20yet.%20I%20have%20already%20built%20a%20premium%20one%20for%20you.%20Take%20a%20look%20at%20the%20demo%20link%20-%20I%20also%20stay%20on%20as%20your%20dedicated%20web%20manager%2C%20included%20in%20the%20cost.%20Interested%3F","I Built a Premium Website for Eco Direct Solar"
4,Solar,"Solar Way Cape Town",Mitchells Plain,4.1,solar-way-ct-ct,https://iederees-create.github.io/solar-way-ct-ct/,"https://wa.me/27846664381?text=Hi%20Solar%20Way%20Cape%20Town%2C%20I%20am%20a%20local%20Cape%20Town%20web%20developer.%20I%20noticed%20you%20do%20not%20have%20a%20website%20yet.%20I%20have%20already%20built%20a%20premium%20one%20for%20you.%20Take%20a%20look%20at%20the%20demo%20link%20-%20I%20also%20stay%20on%20as%20your%20dedicated%20web%20manager%2C%20included%20in%20the%20cost.%20Interested%3F","I Built a Premium Website for Solar Way Cape Town"
5,Solar,"Green Star Solar",Mitchells Plain,5,green-star-solar-ct,https://iederees-create.github.io/green-star-solar-ct/,"https://wa.me/27765588679?text=Hi%20Green%20Star%20Solar%2C%20I%20am%20a%20local%20Cape%20Town%20web%20developer.%20I%20noticed%20you%20do%20not%20have%20a%20website%20yet.%20I%20have%20already%20built%20a%20premium%20one%20for%20you.%20Take%20a%20look%20at%20the%20demo%20link%20-%20I%20also%20stay%20on%20as%20your%20dedicated%20web%20manager%2C%20included%20in%20the%20cost.%20Interested%3F","I Built a Premium Website for Green Star Solar"
6,Solar,"Solar Dot Com",Mitchells Plain,4.9,solar-dot-com-ct-ct,https://iederees-create.github.io/solar-dot-com-ct-ct/,"https://wa.me/27213916620?text=Hi%20Solar%20Dot%20Com%2C%20I%20am%20a%20local%20Cape%20Town%20web%20developer.%20I%20noticed%20you%20do%20not%20have%20a%20website%20yet.%20I%20have%20already%20built%20a%20premium%20one%20for%20you.%20Take%20a%20look%20at%20the%20demo%20link%20-%20I%20also%20stay%20on%20as%20your%20dedicated%20web%20manager%2C%20included%20in%20the%20cost.%20Interested%3F","I Built a Premium Website for Solar Dot Com"
7,Solar,"D.H.S Solar",Bishop Lavis,5,dhs-solar-ct,https://iederees-create.github.io/dhs-solar-ct/,"https://wa.me/27817277511?text=Hi%20D.H.S%20Solar%2C%20I%20am%20a%20local%20Cape%20Town%20web%20developer.%20I%20noticed%20you%20do%20not%20have%20a%20website%20yet.%20I%20have%20already%20built%20a%20premium%20one%20for%20you.%20Take%20a%20look%20at%20the%20demo%20link%20-%20I%20also%20stay%20on%20as%20your%20dedicated%20web%20manager%2C%20included%20in%20the%20cost.%20Interested%3F","I Built a Premium Website for D.H.S Solar"
8,Solar,"R and S Solar Installations",Belhar,5,rs-solar-installations-ct,https://iederees-create.github.io/rs-solar-installations-ct/,"https://wa.me/27736612470?text=Hi%20R%20and%20S%20Solar%20Installations%2C%20I%20am%20a%20local%20Cape%20Town%20web%20developer.%20I%20noticed%20you%20do%20not%20have%20a%20website%20yet.%20I%20have%20already%20built%20a%20premium%20one%20for%20you.%20Take%20a%20look%20at%20the%20demo%20link%20-%20I%20also%20stay%20on%20as%20your%20dedicated%20web%20manager%2C%20included%20in%20the%20cost.%20Interested%3F","I Built a Premium Website for R and S Solar Installations"
9,Solar,"A.C Solar Solutions",Parow,4.9,ac-solar-solutions-ct,https://iederees-create.github.io/ac-solar-solutions-ct/,"https://wa.me/27828565642?text=Hi%20A.C%20Solar%20Solutions%2C%20I%20am%20a%20local%20Cape%20Town%20web%20developer.%20I%20noticed%20you%20do%20not%20have%20a%20website%20yet.%20I%20have%20already%20built%20a%20premium%20one%20for%20you.%20Take%20a%20look%20at%20the%20demo%20link%20-%20I%20also%20stay%20on%20as%20your%20dedicated%20web%20manager%2C%20included%20in%20the%20cost.%20Interested%3F","I Built a Premium Website for A.C Solar Solutions"
10,Solar,"Thomas Electrical",Wynberg,5,thomas-electrical-solar-ct,https://iederees-create.github.io/thomas-electrical-solar-ct/,"https://wa.me/27847222456?text=Hi%20Thomas%20Electrical%2C%20I%20am%20a%20local%20Cape%20Town%20web%20developer.%20I%20noticed%20you%20do%20not%20have%20a%20website%20yet.%20I%20have%20already%20built%20a%20premium%20one%20for%20you.%20Take%20a%20look%20at%20the%20demo%20link%20-%20I%20also%20stay%20on%20as%20your%20dedicated%20web%20manager%2C%20included%20in%20the%20cost.%20Interested%3F","I Built a Premium Website for Thomas Electrical"
11,Wellness,"Sea Point Skin Clinic",Sea Point,4.8,seapoint-skin-clinic-ct,https://iederees-create.github.io/seapoint-skin-clinic-ct/,"https://wa.me/27721112200?text=Hi%20Sea%20Point%20Skin%20Clinic%2C%20I%20am%20a%20local%20Cape%20Town%20web%20developer.%20I%20noticed%20you%20do%20not%20have%20a%20website%20yet.%20I%20have%20already%20built%20a%20premium%20one%20for%20you.%20Take%20a%20look%20at%20the%20demo%20link%20-%20I%20also%20stay%20on%20as%20your%20dedicated%20web%20manager%2C%20included%20in%20the%20cost.%20Interested%3F","I Built a Premium Website for Sea Point Skin Clinic"
12,Wellness,"Azalea Aesthetics",Claremont,4.9,azalea-aesthetics-ct-ct,https://iederees-create.github.io/azalea-aesthetics-ct-ct/,"https://wa.me/27832345678?text=Hi%20Azalea%20Aesthetics%2C%20I%20am%20a%20local%20Cape%20Town%20web%20developer.%20I%20noticed%20you%20do%20not%20have%20a%20website%20yet.%20I%20have%20already%20built%20a%20premium%20one%20for%20you.%20Take%20a%20look%20at%20the%20demo%20link%20-%20I%20also%20stay%20on%20as%20your%20dedicated%20web%20manager%2C%20included%20in%20the%20cost.%20Interested%3F","I Built a Premium Website for Azalea Aesthetics"
13,Wellness,"Vitality Wellness Claremont",Claremont,4.7,vitality-wellness-claremont-ct,https://iederees-create.github.io/vitality-wellness-claremont-ct/,"https://wa.me/27718765432?text=Hi%20Vitality%20Wellness%20Claremont%2C%20I%20am%20a%20local%20Cape%20Town%20web%20developer.%20I%20noticed%20you%20do%20not%20have%20a%20website%20yet.%20I%20have%20already%20built%20a%20premium%20one%20for%20you.%20Take%20a%20look%20at%20the%20demo%20link%20-%20I%20also%20stay%20on%20as%20your%20dedicated%20web%20manager%2C%20included%20in%20the%20cost.%20Interested%3F","I Built a Premium Website for Vitality Wellness Claremont"
14,Wellness,"Camps Bay Aesthetics",Camps Bay,5,camps-bay-aesthetics-ct,https://iederees-create.github.io/camps-bay-aesthetics-ct/,"https://wa.me/27794567890?text=Hi%20Camps%20Bay%20Aesthetics%2C%20I%20am%20a%20local%20Cape%20Town%20web%20developer.%20I%20noticed%20you%20do%20not%20have%20a%20website%20yet.%20I%20have%20already%20built%20a%20premium%20one%20for%20you.%20Take%20a%20look%20at%20the%20demo%20link%20-%20I%20also%20stay%20on%20as%20your%20dedicated%20web%20manager%2C%20included%20in%20the%20cost.%20Interested%3F","I Built a Premium Website for Camps Bay Aesthetics"
15,Wellness,"Lumina Skin Studio",Kenilworth,4.8,lumina-skin-studio-ct,https://iederees-create.github.io/lumina-skin-studio-ct/,"https://wa.me/27612349876?text=Hi%20Lumina%20Skin%20Studio%2C%20I%20am%20a%20local%20Cape%20Town%20web%20developer.%20I%20noticed%20you%20do%20not%20have%20a%20website%20yet.%20I%20have%20already%20built%20a%20premium%20one%20for%20you.%20Take%20a%20look%20at%20the%20demo%20link%20-%20I%20also%20stay%20on%20as%20your%20dedicated%20web%20manager%2C%20included%20in%20the%20cost.%20Interested%3F","I Built a Premium Website for Lumina Skin Studio"
16,Wellness,"Renewal Medi-Spa",Bellville,4.6,renewal-med-spa-ct,https://iederees-create.github.io/renewal-med-spa-ct/,"https://wa.me/27825678901?text=Hi%20Renewal%20Medi-Spa%2C%20I%20am%20a%20local%20Cape%20Town%20web%20developer.%20I%20noticed%20you%20do%20not%20have%20a%20website%20yet.%20I%20have%20already%20built%20a%20premium%20one%20for%20you.%20Take%20a%20look%20at%20the%20demo%20link%20-%20I%20also%20stay%20on%20as%20your%20dedicated%20web%20manager%2C%20included%20in%20the%20cost.%20Interested%3F","I Built a Premium Website for Renewal Medi-Spa"
17,Wellness,"Glow Republic CT",Sea Point,4.9,glow-republic-ct-ct,https://iederees-create.github.io/glow-republic-ct-ct/,"https://wa.me/27748901234?text=Hi%20Glow%20Republic%20CT%2C%20I%20am%20a%20local%20Cape%20Town%20web%20developer.%20I%20noticed%20you%20do%20not%20have%20a%20website%20yet.%20I%20have%20already%20built%20a%20premium%20one%20for%20you.%20Take%20a%20look%20at%20the%20demo%20link%20-%20I%20also%20stay%20on%20as%20your%20dedicated%20web%20manager%2C%20included%20in%20the%20cost.%20Interested%3F","I Built a Premium Website for Glow Republic CT"
18,Wellness,"Serenity Body Lab",Wynberg,4.7,serenity-body-lab-ct,https://iederees-create.github.io/serenity-body-lab-ct/,"https://wa.me/27660123456?text=Hi%20Serenity%20Body%20Lab%2C%20I%20am%20a%20local%20Cape%20Town%20web%20developer.%20I%20noticed%20you%20do%20not%20have%20a%20website%20yet.%20I%20have%20already%20built%20a%20premium%20one%20for%20you.%20Take%20a%20look%20at%20the%20demo%20link%20-%20I%20also%20stay%20on%20as%20your%20dedicated%20web%20manager%2C%20included%20in%20the%20cost.%20Interested%3F","I Built a Premium Website for Serenity Body Lab"
19,Wellness,"Precision Laser Cape Town",Durbanville,4.8,precision-laser-ct-ct,https://iederees-create.github.io/precision-laser-ct-ct/,"https://wa.me/27839012345?text=Hi%20Precision%20Laser%20Cape%20Town%2C%20I%20am%20a%20local%20Cape%20Town%20web%20developer.%20I%20noticed%20you%20do%20not%20have%20a%20website%20yet.%20I%20have%20already%20built%20a%20premium%20one%20for%20you.%20Take%20a%20look%20at%20the%20demo%20link%20-%20I%20also%20stay%20on%20as%20your%20dedicated%20web%20manager%2C%20included%20in%20the%20cost.%20Interested%3F","I Built a Premium Website for Precision Laser Cape Town"
20,Wellness,"Pure Aesthetics Tygervalley",Tygervalley,4.9,pure-aesthetics-tygervalley-ct,https://iederees-create.github.io/pure-aesthetics-tygervalley-ct/,"https://wa.me/27783456789?text=Hi%20Pure%20Aesthetics%20Tygervalley%2C%20I%20am%20a%20local%20Cape%20Town%20web%20developer.%20I%20noticed%20you%20do%20not%20have%20a%20website%20yet.%20I%20have%20already%20built%20a%20premium%20one%20for%20you.%20Take%20a%20look%20at%20the%20demo%20link%20-%20I%20also%20stay%20on%20as%20your%20dedicated%20web%20manager%2C%20included%20in%20the%20cost.%20Interested%3F","I Built a Premium Website for Pure Aesthetics Tygervalley"
21,Wellness,"Form Wellness Studio",Observatory,4.7,form-wellness-studio-ct,https://iederees-create.github.io/form-wellness-studio-ct/,"https://wa.me/27618901234?text=Hi%20Form%20Wellness%20Studio%2C%20I%20am%20a%20local%20Cape%20Town%20web%20developer.%20I%20noticed%20you%20do%20not%20have%20a%20website%20yet.%20I%20have%20already%20built%20a%20premium%20one%20for%20you.%20Take%20a%20look%20at%20the%20demo%20link%20-%20I%20also%20stay%20on%20as%20your%20dedicated%20web%20manager%2C%20included%20in%20the%20cost.%20Interested%3F","I Built a Premium Website for Form Wellness Studio"
22,Wellness,"Aqua Beauty Studios",Tableview,4.8,aqua-beauty-studios-ct,https://iederees-create.github.io/aqua-beauty-studios-ct/,"https://wa.me/27681234567?text=Hi%20Aqua%20Beauty%20Studios%2C%20I%20am%20a%20local%20Cape%20Town%20web%20developer.%20I%20noticed%20you%20do%20not%20have%20a%20website%20yet.%20I%20have%20already%20built%20a%20premium%20one%20for%20you.%20Take%20a%20look%20at%20the%20demo%20link%20-%20I%20also%20stay%20on%20as%20your%20dedicated%20web%20manager%2C%20included%20in%20the%20cost.%20Interested%3F","I Built a Premium Website for Aqua Beauty Studios"
23,Wellness,"Meridian Clinic CT",Parow,4.6,meridian-clinic-ct-ct,https://iederees-create.github.io/meridian-clinic-ct-ct/,"https://wa.me/27722345678?text=Hi%20Meridian%20Clinic%20CT%2C%20I%20am%20a%20local%20Cape%20Town%20web%20developer.%20I%20noticed%20you%20do%20not%20have%20a%20website%20yet.%20I%20have%20already%20built%20a%20premium%20one%20for%20you.%20Take%20a%20look%20at%20the%20demo%20link%20-%20I%20also%20stay%20on%20as%20your%20dedicated%20web%20manager%2C%20included%20in%20the%20cost.%20Interested%3F","I Built a Premium Website for Meridian Clinic CT"
24,Wellness,"BodySculpt Cape Town",Century City,5,bodysculpt-cape-town-ct,https://iederees-create.github.io/bodysculpt-cape-town-ct/,"https://wa.me/27845678901?text=Hi%20BodySculpt%20Cape%20Town%2C%20I%20am%20a%20local%20Cape%20Town%20web%20developer.%20I%20noticed%20you%20do%20not%20have%20a%20website%20yet.%20I%20have%20already%20built%20a%20premium%20one%20for%20you.%20Take%20a%20look%20at%20the%20demo%20link%20-%20I%20also%20stay%20on%20as%20your%20dedicated%20web%20manager%2C%20included%20in%20the%20cost.%20Interested%3F","I Built a Premium Website for BodySculpt Cape Town"
25,Wellness,"Arc Wellness Sea Point",Sea Point,4.8,arc-wellness-seapoint-ct,https://iederees-create.github.io/arc-wellness-seapoint-ct/,"https://wa.me/27766789012?text=Hi%20Arc%20Wellness%20Sea%20Point%2C%20I%20am%20a%20local%20Cape%20Town%20web%20developer.%20I%20noticed%20you%20do%20not%20have%20a%20website%20yet.%20I%20have%20already%20built%20a%20premium%20one%20for%20you.%20Take%20a%20look%20at%20the%20demo%20link%20-%20I%20also%20stay%20on%20as%20your%20dedicated%20web%20manager%2C%20included%20in%20the%20cost.%20Interested%3F","I Built a Premium Website for Arc Wellness Sea Point"
26,Wellness,"Revive Medi-Spa Claremont",Claremont,4.9,revive-medispa-claremont-ct,https://iederees-create.github.io/revive-medispa-claremont-ct/,"https://wa.me/27617890123?text=Hi%20Revive%20Medi-Spa%20Claremont%2C%20I%20am%20a%20local%20Cape%20Town%20web%20developer.%20I%20noticed%20you%20do%20not%20have%20a%20website%20yet.%20I%20have%20already%20built%20a%20premium%20one%20for%20you.%20Take%20a%20look%20at%20the%20demo%20link%20-%20I%20also%20stay%20on%20as%20your%20dedicated%20web%20manager%2C%20included%20in%20the%20cost.%20Interested%3F","I Built a Premium Website for Revive Medi-Spa Claremont"
27,Wellness,"Alpine Aesthetics CT",Hout Bay,4.7,alpine-aesthetics-ct-ct,https://iederees-create.github.io/alpine-aesthetics-ct-ct/,"https://wa.me/27838901234?text=Hi%20Alpine%20Aesthetics%20CT%2C%20I%20am%20a%20local%20Cape%20Town%20web%20developer.%20I%20noticed%20you%20do%20not%20have%20a%20website%20yet.%20I%20have%20already%20built%20a%20premium%20one%20for%20you.%20Take%20a%20look%20at%20the%20demo%20link%20-%20I%20also%20stay%20on%20as%20your%20dedicated%20web%20manager%2C%20included%20in%20the%20cost.%20Interested%3F","I Built a Premium Website for Alpine Aesthetics CT"
28,Wellness,"Zen Skin Studio Bellville",Bellville,4.8,zen-skin-studio-bv-ct,https://iederees-create.github.io/zen-skin-studio-bv-ct/,"https://wa.me/27749012345?text=Hi%20Zen%20Skin%20Studio%20Bellville%2C%20I%20am%20a%20local%20Cape%20Town%20web%20developer.%20I%20noticed%20you%20do%20not%20have%20a%20website%20yet.%20I%20have%20already%20built%20a%20premium%20one%20for%20you.%20Take%20a%20look%20at%20the%20demo%20link%20-%20I%20also%20stay%20on%20as%20your%20dedicated%20web%20manager%2C%20included%20in%20the%20cost.%20Interested%3F","I Built a Premium Website for Zen Skin Studio Bellville"
29,Wellness,"Nova Cosmetic Clinic",Durbanville,4.9,nova-cosmetic-clinic-ct,https://iederees-create.github.io/nova-cosmetic-clinic-ct/,"https://wa.me/27680123456?text=Hi%20Nova%20Cosmetic%20Clinic%2C%20I%20am%20a%20local%20Cape%20Town%20web%20developer.%20I%20noticed%20you%20do%20not%20have%20a%20website%20yet.%20I%20have%20already%20built%20a%20premium%20one%20for%20you.%20Take%20a%20look%20at%20the%20demo%20link%20-%20I%20also%20stay%20on%20as%20your%20dedicated%20web%20manager%2C%20included%20in%20the%20cost.%20Interested%3F","I Built a Premium Website for Nova Cosmetic Clinic"
30,Wellness,"Elite Wellness CT",Milnerton,4.7,elite-wellness-ct-ct,https://iederees-create.github.io/elite-wellness-ct-ct/,"https://wa.me/27721234567?text=Hi%20Elite%20Wellness%20CT%2C%20I%20am%20a%20local%20Cape%20Town%20web%20developer.%20I%20noticed%20you%20do%20not%20have%20a%20website%20yet.%20I%20have%20already%20built%20a%20premium%20one%20for%20you.%20Take%20a%20look%20at%20the%20demo%20link%20-%20I%20also%20stay%20on%20as%20your%20dedicated%20web%20manager%2C%20included%20in%20the%20cost.%20Interested%3F","I Built a Premium Website for Elite Wellness CT"
31,Maintenance,"Cape Clean Pro",Goodwood,4.8,cape-clean-pro-ct,https://iederees-create.github.io/cape-clean-pro-ct/,"https://wa.me/27832345678?text=Hi%20Cape%20Clean%20Pro%2C%20I%20am%20a%20local%20Cape%20Town%20web%20developer.%20I%20noticed%20you%20do%20not%20have%20a%20website%20yet.%20I%20have%20already%20built%20a%20premium%20one%20for%20you.%20Take%20a%20look%20at%20the%20demo%20link%20-%20I%20also%20stay%20on%20as%20your%20dedicated%20web%20manager%2C%20included%20in%20the%20cost.%20Interested%3F","I Built a Premium Website for Cape Clean Pro"
32,Maintenance,"Northern Suburbs Plumbing",Durbanville,4.9,northern-subs-plumbing-ct,https://iederees-create.github.io/northern-subs-plumbing-ct/,"https://wa.me/27763456789?text=Hi%20Northern%20Suburbs%20Plumbing%2C%20I%20am%20a%20local%20Cape%20Town%20web%20developer.%20I%20noticed%20you%20do%20not%20have%20a%20website%20yet.%20I%20have%20already%20built%20a%20premium%20one%20for%20you.%20Take%20a%20look%20at%20the%20demo%20link%20-%20I%20also%20stay%20on%20as%20your%20dedicated%20web%20manager%2C%20included%20in%20the%20cost.%20Interested%3F","I Built a Premium Website for Northern Suburbs Plumbing"
33,Maintenance,"Westlake Pest Control",Westlake,4.7,westlake-pest-control-ct,https://iederees-create.github.io/westlake-pest-control-ct/,"https://wa.me/27824567890?text=Hi%20Westlake%20Pest%20Control%2C%20I%20am%20a%20local%20Cape%20Town%20web%20developer.%20I%20noticed%20you%20do%20not%20have%20a%20website%20yet.%20I%20have%20already%20built%20a%20premium%20one%20for%20you.%20Take%20a%20look%20at%20the%20demo%20link%20-%20I%20also%20stay%20on%20as%20your%20dedicated%20web%20manager%2C%20included%20in%20the%20cost.%20Interested%3F","I Built a Premium Website for Westlake Pest Control"
34,Maintenance,"Paarden Eiland Electrical",Paarden Eiland,5,paarden-eiland-electric-ct,https://iederees-create.github.io/paarden-eiland-electric-ct/,"https://wa.me/27615678901?text=Hi%20Paarden%20Eiland%20Electrical%2C%20I%20am%20a%20local%20Cape%20Town%20web%20developer.%20I%20noticed%20you%20do%20not%20have%20a%20website%20yet.%20I%20have%20already%20built%20a%20premium%20one%20for%20you.%20Take%20a%20look%20at%20the%20demo%20link%20-%20I%20also%20stay%20on%20as%20your%20dedicated%20web%20manager%2C%20included%20in%20the%20cost.%20Interested%3F","I Built a Premium Website for Paarden Eiland Electrical"
35,Maintenance,"CT Roofing Specialists",Kuils River,4.8,ct-roofing-specialists-ct,https://iederees-create.github.io/ct-roofing-specialists-ct/,"https://wa.me/27746789012?text=Hi%20CT%20Roofing%20Specialists%2C%20I%20am%20a%20local%20Cape%20Town%20web%20developer.%20I%20noticed%20you%20do%20not%20have%20a%20website%20yet.%20I%20have%20already%20built%20a%20premium%20one%20for%20you.%20Take%20a%20look%20at%20the%20demo%20link%20-%20I%20also%20stay%20on%20as%20your%20dedicated%20web%20manager%2C%20included%20in%20the%20cost.%20Interested%3F","I Built a Premium Website for CT Roofing Specialists"
36,Maintenance,"Metro Aircon Cape Town",Bellville,4.6,metro-aircon-ct-ct,https://iederees-create.github.io/metro-aircon-ct-ct/,"https://wa.me/27687890123?text=Hi%20Metro%20Aircon%20Cape%20Town%2C%20I%20am%20a%20local%20Cape%20Town%20web%20developer.%20I%20noticed%20you%20do%20not%20have%20a%20website%20yet.%20I%20have%20already%20built%20a%20premium%20one%20for%20you.%20Take%20a%20look%20at%20the%20demo%20link%20-%20I%20also%20stay%20on%20as%20your%20dedicated%20web%20manager%2C%20included%20in%20the%20cost.%20Interested%3F","I Built a Premium Website for Metro Aircon Cape Town"
37,Maintenance,"Southern Suburbs Builders",Kenilworth,4.9,southern-suburbs-builders-ct,https://iederees-create.github.io/southern-suburbs-builders-ct/,"https://wa.me/27728901234?text=Hi%20Southern%20Suburbs%20Builders%2C%20I%20am%20a%20local%20Cape%20Town%20web%20developer.%20I%20noticed%20you%20do%20not%20have%20a%20website%20yet.%20I%20have%20already%20built%20a%20premium%20one%20for%20you.%20Take%20a%20look%20at%20the%20demo%20link%20-%20I%20also%20stay%20on%20as%20your%20dedicated%20web%20manager%2C%20included%20in%20the%20cost.%20Interested%3F","I Built a Premium Website for Southern Suburbs Builders"
38,Maintenance,"Hydro Clean CT",Brackenfell,4.7,hydro-clean-ct-ct,https://iederees-create.github.io/hydro-clean-ct-ct/,"https://wa.me/27839012345?text=Hi%20Hydro%20Clean%20CT%2C%20I%20am%20a%20local%20Cape%20Town%20web%20developer.%20I%20noticed%20you%20do%20not%20have%20a%20website%20yet.%20I%20have%20already%20built%20a%20premium%20one%20for%20you.%20Take%20a%20look%20at%20the%20demo%20link%20-%20I%20also%20stay%20on%20as%20your%20dedicated%20web%20manager%2C%20included%20in%20the%20cost.%20Interested%3F","I Built a Premium Website for Hydro Clean CT"
39,Maintenance,"Cape Handyman Services",Parow,4.8,cape-handyman-services-ct,https://iederees-create.github.io/cape-handyman-services-ct/,"https://wa.me/27760123456?text=Hi%20Cape%20Handyman%20Services%2C%20I%20am%20a%20local%20Cape%20Town%20web%20developer.%20I%20noticed%20you%20do%20not%20have%20a%20website%20yet.%20I%20have%20already%20built%20a%20premium%20one%20for%20you.%20Take%20a%20look%20at%20the%20demo%20link%20-%20I%20also%20stay%20on%20as%20your%20dedicated%20web%20manager%2C%20included%20in%20the%20cost.%20Interested%3F","I Built a Premium Website for Cape Handyman Services"
40,Maintenance,"GreenPest CT",Durbanville,4.9,greenpest-ct-ct,https://iederees-create.github.io/greenpest-ct-ct/,"https://wa.me/27821234567?text=Hi%20GreenPest%20CT%2C%20I%20am%20a%20local%20Cape%20Town%20web%20developer.%20I%20noticed%20you%20do%20not%20have%20a%20website%20yet.%20I%20have%20already%20built%20a%20premium%20one%20for%20you.%20Take%20a%20look%20at%20the%20demo%20link%20-%20I%20also%20stay%20on%20as%20your%20dedicated%20web%20manager%2C%20included%20in%20the%20cost.%20Interested%3F","I Built a Premium Website for GreenPest CT"
41,Maintenance,"Acme Plumbing Claremont",Claremont,4.7,acme-plumbing-claremont-ct,https://iederees-create.github.io/acme-plumbing-claremont-ct/,"https://wa.me/27612345678?text=Hi%20Acme%20Plumbing%20Claremont%2C%20I%20am%20a%20local%20Cape%20Town%20web%20developer.%20I%20noticed%20you%20do%20not%20have%20a%20website%20yet.%20I%20have%20already%20built%20a%20premium%20one%20for%20you.%20Take%20a%20look%20at%20the%20demo%20link%20-%20I%20also%20stay%20on%20as%20your%20dedicated%20web%20manager%2C%20included%20in%20the%20cost.%20Interested%3F","I Built a Premium Website for Acme Plumbing Claremont"
42,Maintenance,"All Seasons Aircon CT",Tygervalley,4.8,all-seasons-aircon-ct,https://iederees-create.github.io/all-seasons-aircon-ct/,"https://wa.me/27743456789?text=Hi%20All%20Seasons%20Aircon%20CT%2C%20I%20am%20a%20local%20Cape%20Town%20web%20developer.%20I%20noticed%20you%20do%20not%20have%20a%20website%20yet.%20I%20have%20already%20built%20a%20premium%20one%20for%20you.%20Take%20a%20look%20at%20the%20demo%20link%20-%20I%20also%20stay%20on%20as%20your%20dedicated%20web%20manager%2C%20included%20in%20the%20cost.%20Interested%3F","I Built a Premium Website for All Seasons Aircon CT"
43,Maintenance,"Cape Waterproofing Co",Wetton,4.6,cape-waterproofing-co-ct,https://iederees-create.github.io/cape-waterproofing-co-ct/,"https://wa.me/27684567890?text=Hi%20Cape%20Waterproofing%20Co%2C%20I%20am%20a%20local%20Cape%20Town%20web%20developer.%20I%20noticed%20you%20do%20not%20have%20a%20website%20yet.%20I%20have%20already%20built%20a%20premium%20one%20for%20you.%20Take%20a%20look%20at%20the%20demo%20link%20-%20I%20also%20stay%20on%20as%20your%20dedicated%20web%20manager%2C%20included%20in%20the%20cost.%20Interested%3F","I Built a Premium Website for Cape Waterproofing Co"
44,Maintenance,"Rapid Response Electrical",Durbanville,5,rapid-response-electric-ct,https://iederees-create.github.io/rapid-response-electric-ct/,"https://wa.me/27725678901?text=Hi%20Rapid%20Response%20Electrical%2C%20I%20am%20a%20local%20Cape%20Town%20web%20developer.%20I%20noticed%20you%20do%20not%20have%20a%20website%20yet.%20I%20have%20already%20built%20a%20premium%20one%20for%20you.%20Take%20a%20look%20at%20the%20demo%20link%20-%20I%20also%20stay%20on%20as%20your%20dedicated%20web%20manager%2C%20included%20in%20the%20cost.%20Interested%3F","I Built a Premium Website for Rapid Response Electrical"
45,Maintenance,"Tableview Tiling CT",Tableview,4.7,tableview-tiling-ct-ct,https://iederees-create.github.io/tableview-tiling-ct-ct/,"https://wa.me/27836789012?text=Hi%20Tableview%20Tiling%20CT%2C%20I%20am%20a%20local%20Cape%20Town%20web%20developer.%20I%20noticed%20you%20do%20not%20have%20a%20website%20yet.%20I%20have%20already%20built%20a%20premium%20one%20for%20you.%20Take%20a%20look%20at%20the%20demo%20link%20-%20I%20also%20stay%20on%20as%20your%20dedicated%20web%20manager%2C%20included%20in%20the%20cost.%20Interested%3F","I Built a Premium Website for Tableview Tiling CT"
46,Maintenance,"Eco Clean Northern Suburbs",Kuilsriver,4.8,eco-clean-northern-subs-ct,https://iederees-create.github.io/eco-clean-northern-subs-ct/,"https://wa.me/27767890123?text=Hi%20Eco%20Clean%20Northern%20Suburbs%2C%20I%20am%20a%20local%20Cape%20Town%20web%20developer.%20I%20noticed%20you%20do%20not%20have%20a%20website%20yet.%20I%20have%20already%20built%20a%20premium%20one%20for%20you.%20Take%20a%20look%20at%20the%20demo%20link%20-%20I%20also%20stay%20on%20as%20your%20dedicated%20web%20manager%2C%20included%20in%20the%20cost.%20Interested%3F","I Built a Premium Website for Eco Clean Northern Suburbs"
47,Maintenance,"CT Pool Care",Constantia,4.9,ct-pool-care-ct,https://iederees-create.github.io/ct-pool-care-ct/,"https://wa.me/27828901234?text=Hi%20CT%20Pool%20Care%2C%20I%20am%20a%20local%20Cape%20Town%20web%20developer.%20I%20noticed%20you%20do%20not%20have%20a%20website%20yet.%20I%20have%20already%20built%20a%20premium%20one%20for%20you.%20Take%20a%20look%20at%20the%20demo%20link%20-%20I%20also%20stay%20on%20as%20your%20dedicated%20web%20manager%2C%20included%20in%20the%20cost.%20Interested%3F","I Built a Premium Website for CT Pool Care"
48,Maintenance,"Summit Painting CT",Pinelands,4.7,summit-painting-ct-ct,https://iederees-create.github.io/summit-painting-ct-ct/,"https://wa.me/27619012345?text=Hi%20Summit%20Painting%20CT%2C%20I%20am%20a%20local%20Cape%20Town%20web%20developer.%20I%20noticed%20you%20do%20not%20have%20a%20website%20yet.%20I%20have%20already%20built%20a%20premium%20one%20for%20you.%20Take%20a%20look%20at%20the%20demo%20link%20-%20I%20also%20stay%20on%20as%20your%20dedicated%20web%20manager%2C%20included%20in%20the%20cost.%20Interested%3F","I Built a Premium Website for Summit Painting CT"
49,Maintenance,"Window Wizards CT",Blouberg,4.8,window-wizards-ct-ct,https://iederees-create.github.io/window-wizards-ct-ct/,"https://wa.me/27740123456?text=Hi%20Window%20Wizards%20CT%2C%20I%20am%20a%20local%20Cape%20Town%20web%20developer.%20I%20noticed%20you%20do%20not%20have%20a%20website%20yet.%20I%20have%20already%20built%20a%20premium%20one%20for%20you.%20Take%20a%20look%20at%20the%20demo%20link%20-%20I%20also%20stay%20on%20as%20your%20dedicated%20web%20manager%2C%20included%20in%20the%20cost.%20Interested%3F","I Built a Premium Website for Window Wizards CT"
50,Maintenance,"First Choice Construction",Bellville,4.9,first-choice-construction-ct,https://iederees-create.github.io/first-choice-construction-ct/,"https://wa.me/27681234567?text=Hi%20First%20Choice%20Construction%2C%20I%20am%20a%20local%20Cape%20Town%20web%20developer.%20I%20noticed%20you%20do%20not%20have%20a%20website%20yet.%20I%20have%20already%20built%20a%20premium%20one%20for%20you.%20Take%20a%20look%20at%20the%20demo%20link%20-%20I%20also%20stay%20on%20as%20your%20dedicated%20web%20manager%2C%20included%20in%20the%20cost.%20Interested%3F","I Built a Premium Website for First Choice Construction"
