Business Name,Rating,Phone,Location,Live Demo Link,WhatsApp Pitch,Email Subject
Glen Ellios Pty LTD,5.0,069 1039 281,Goodwood,https://iederees-create.github.io/glen-ellios-solar/,"https://wa.me/27691039281?text=Hi%20there,%20I'm%20a%20local%20dev.%20I've%20built%20a%20premium%20site%20for%20Glen%20Ellios%20Pty%20LTD%20to%20help%20you%20stand%20out%20in%20Goodwood.%20View%20it%20here:%20https://iederees-create.github.io/glen-ellios-solar/%20-%20I%20also%20provide%20ongoing%20management.","Premium Website Draft for Glen Ellios Pty LTD"
Sunlec Energy Solutions (Pty) Ltd.,4.9,067 879 9789,Parow,TBD,"https://wa.me/27678799789?text=Hi%20Sunlec,%20I've%20drafted%20 a%20premium%20digital%20ecosystem%20for%20your%20business.%20Ready%20to%20view?","Upgrade your Digital Presence in Parow"
Eco Direct,5.0,081 213 6586,Mitchells Plain,TBD,"https://wa.me/27812136586?text=Hi%20Eco%20Direct,%20I'm%20onboarding%20Cape%20Town%20solar%20clients.%20I've%20built%20this%20for%20you...","Professional Solar Website ready for Eco Direct"
Solar Way,4.1,084 666 4381,Mitchells Plain,TBD,"https://wa.me/27846664381?text=Hi%20Solar%20Way...","Digital Onboarding for Solar Way"
Green Star Solar,5.0,076 558 8679,Mitchells Plain,TBD,"https://wa.me/27765588679?text=Hi%20Green%20Star...","New Premium Site Draft"
Solar Dot Com,4.9,021 391 6620,Mitchells Plain,TBD,"https://wa.me/27213916620?text=Hi%20Solar%20Dot%20Com...","Modernizing Solar Dot Com"
D.H.S Solar,5.0,081 727 7511,Bishop Lavis,TBD,"https://wa.me/27817277511?text=Hi%20D.H.S%20Solar...","Solar Web Infrastructure for D.H.S"
R and S Solar Installations,5.0,073 661 2470,Belhar,TBD,"https://wa.me/27736612470?text=Hi%20R%20and%20S...","Premium Site Draft"
A.C Solar Solutions,4.9,082 856 5642,Parow,TBD,"https://wa.me/27828565642?text=Hi%20A.C%20Solar...","Expanding A.C Solar in Parow"
Thomas Electrical,5.0,084 722 2456,Wynberg,TBD,"https://wa.me/27847222456?text=Hi%20Thomas%20Electrical...","Electrical & Solar Web Ecosystem"
